Stocks ,Industry,Employee strength,High (1year),Low (1year),High ,Last trade time,Low,Currency,Change,Change %,Market Cap,Open ,P/E Ratio,Close,Price,Share Outstanding,Volume,Volume average,Ticker Symbol,Year Incorporated,Headquarters ,Headquarters ,Country 
"TESLA, INC. (XNAS:TSLA)",Automobiles & Auto Parts,"99,290","$1,243.49 ",$546.98 ,"$1,008.62 ",4/25/2022 16:18,$975.30 ,USD,($9.92),-0.99%,"$1,043 ",$979.39 ,135.77,"$1,005.05 ",$995.13 ,"1,033,508,000","12,359,219","24,686,147",TSLA,2003,"13101 Harold Green Road, AUSTIN, TX, 78725 US",Green Road,United States
"RIVIAN AUTOMOTIVE, INC. (XNAS:RIVN)",Automobiles & Auto Parts,"10,422",$179.47 ,$32.40 ,$34.85 ,4/25/2022 16:18,$33.05 ,USD,$0.13 ,0.39%,$30 ,$33.47 ,-5.33,$33.61 ,$33.74 ,"900,551,900","7,414,432","15,105,517",RIVN,2009,"14600 Myford Road, IRVINE, CA, 92618 US",California,United States
"Lucid Group, Inc (XNAS:LCID)",Automobiles & Auto Parts,"3,900",$57.75 ,$16.12 ,$19.25 ,4/25/2022 16:18,$18.76 ,USD,($0.08),-0.42%,$32 ,$19.00 ,0,$19.11 ,$19.03 ,"1,653,257,000","12,626,251","20,862,737",LCID,2007,"7373 Gateway Blvd., NEWARK, CA, 94560 US",California,United States
NIO INC. (XNYS:NIO),Automobiles & Auto Parts,"7,763",$55.13 ,$13.01 ,$17.37 ,4/25/2022 16:18,$16.19 ,USD,$0.10 ,0.58%,$26 ,$16.85 ,0,$17.18 ,$17.28 ,"1,543,785,000","34,459,373","77,102,157",NIO,2014,"Building 20, No. 56 Antuo Road, Anting Town, Jiading District, Shanghai, SHANGHAI, 201804 CN",Shanghai,China
XPENG INC. (XNYS:XPEV),Automobiles & Auto Parts,"5,084",$56.45 ,$18.01 ,$24.56 ,4/25/2022 16:18,$22.86 ,USD,$0.62 ,2.60%,$15 ,$23.24 ,0,$23.87 ,$24.49 ,"326,153,500","5,194,508","12,056,408",XPEV,2018,"No. 8 Songgang Road, Changxing Street, Cencun, Tianhe District, GUANGZHOU, GUANGDONG, 510640 CN",Beijing,China
Li Auto Inc. (XNAS:LI),Automobiles & Auto Parts,"11,901",$37.45 ,$15.98 ,$22.29 ,4/25/2022 16:18,$21.12 ,USD,($0.15),-0.67%,$24 ,$21.35 ,-36.02,$22.33 ,$22.18 ,"1,032,858,000","4,311,886","8,316,993",LI,2020,"8th Floor, Block D, Building 8, 4th District of Wangjing East Garden, BEIJING, BEIJING, 100102 CN",Beijing,China
FORD MOTOR COMPANY (XNYS:F),Automobiles & Auto Parts,"183,000",$25.87 ,$11.14 ,$14.94 ,4/25/2022 16:18,$14.62 ,USD,($0.22),-1.43%,$61 ,$14.94 ,3.39,$15.03 ,$14.82 ,"4,018,818,000","27,188,731","64,762,545",F,1919,"1 American Rd, DEARBORN, MI, 48126-2701 US",Michigan,United States
GENERAL MOTORS COMPANY (XNYS:GM),Automobiles & Auto Parts,"157,000",$67.21 ,$37.60 ,$39.48 ,4/25/2022 16:18,$38.68 ,USD,($0.68),-1.69%,$57 ,$39.48 ,5.94,$39.84 ,$39.17 ,"1,453,021,000","8,336,662","16,495,665",GM,2009,"300 Renaissance Center, DETROIT, MI, 48265-0001 US",Michigan,United States
"NISSAN MOTOR CO.,LTD. (OTCM:NSANY)",Automobiles & Auto Parts,"131,461",$11.80 ,$7.59 ,$8.10 ,4/25/2022 16:02,$7.96 ,USD,($0.13),-1.56%,$18 ,$8.10 ,15.16,$8.10 ,$7.97 ,"2,110,358,000","121,955","122,590",NSANY,1933,"1-1-1, Takashima, Nishi-ku, YOKOHAMA-SHI, KANAGAWA-KEN, 220-8686 JP",Takashima,Japan
TOYOTA MOTOR CORPORATION (XNYS:TM),Automobiles & Auto Parts,"366,283",$213.74 ,$149.90 ,$170.99 ,4/25/2022 16:17,$169.53 ,USD,$0.90 ,0.53%,$280 ,$170.82 ,8.81,$169.53 ,$170.43 ,"1,631,499,000","79,960","258,902",TM,1937,"1, Toyota-cho, TOYOTA-SHI, AICHI-KEN, 471-8571 JP",Toyota,Japan
Bayerische Motoren Werke AG (XFRA:BMW),Automobiles & Auto Parts,"118,909",$100.44 ,$36.89 ,$78.15 ,4/25/2022 16:02,$76.86 ,EUR,($1.24),-1.57%,$52 ,$77.97 ,4.2,$78.76 ,$77.52 ,"661,399,500","2,284","1,268,340",BMW,1995,"Petuelring 130, MUENCHEN, BAYERN, 80788 DE",Germany,Germany
"HONDA MOTOR CO., LTD. (XNYS:HMC)",Automobiles & Auto Parts,"211,374",$33.42 ,$25.65 ,$26.30 ,4/25/2022 16:18,$26.02 ,USD,$0.27 ,1.04%,$48 ,$26.26 ,6.47,$25.93 ,$26.20 ,"1,811,428,000","721,292","1,031,163",HMC,1948,"2-1-1, Minami-Aoyama, MINATO-KU, TOKYO-TO, 107-8556 JP",Tokyo,Japan
Audi AG (OTCM:AUDVF),Automobiles & Auto Parts,"85,750","$1,950.00 ","$1,605.00 ","$1,950.00 ",11/21/2020 1:09,"$1,605.00 ",USD,($160.00),-7.62%,$83 ,"$1,950.00 ",18.1,"$2,100.00 ","$1,940.00 ","43,000,000",5,0,AUDVF,1920,"Auto-Union-Str. 1, INGOLSTADT, BAYERN, 85057 DE",Germany,Germany
"UBER TECHNOLOGIES, INC. (XNYS:UBER)",Software & IT Services,"29,300",$59.22 ,$28.28 ,$32.34 ,4/25/2022 16:18,$30.47 ,USD,$1.09 ,3.54%,$62 ,$30.58 ,0,$30.83 ,$31.92 ,"1,954,962,000","14,282,410","26,040,475",UBER,2010,"1515 3Rd Street, SAN FRANCISCO, CA, 94158 US",California,United States
ALPHABET INC. (XNAS:GOOG),Software & IT Services,"156,500","$3,042.00 ","$2,230.05 ","$2,462.90 ",4/25/2022 16:18,"$2,375.39 ",USD,$29.77 ,1.24%,"$1,651 ","$2,388.59 ",21.31,"$2,392.28 ","$2,422.05 ","660,971,300","830,946","1,237,536",GOOG,2015,"1600 Amphitheatre Pkwy, MOUNTAIN VIEW, CA, 94043-1351 US",California,United States
,,,,,,,,,,,,,,,,,,,,,,,
,,,,,,,,,,,,,,,,,,,,,,,
,,,,,,,,,,,1.00E+09,,,,,,,,,,,,
,,,,,,,,,,$0.00 ,,,,,,,,,,,,,
